id|title|ios_url|ios_app_store_id|ios_app_name|android_url|android_package|android_app_name|windows_phone_url|windows_phone_app_id|windows_phone_app_name|description|google_product_category|product_type|link|image_link|condition|availability|price|sale_price|sale_price_effective_date|gtin|brand|mpn|item_group_id|gender|age_group|color|size|shipping|custom_label_0|freeshipping|custom_label_1|custom_label_2|custom_label_3|custom_label_4
2507009981|[JAAH]매쉬 점퍼|siecmobile://deeplink/gate/gate.siv?goods_no=2507009981|1081778027|신세계V|siecmobile://deeplink/gate/gate.siv?goods_no=2507009981|com.si.simembers|신세계V|siecmobile://deeplink/gate/gate.siv?goods_no=2507009981|||신세계인터내셔날 프리미엄 라이프스타일 플랫폼, 신세계V!|여성의류>아우터|여성의류>JAAH|https://m.shinsegaev.com/gate/gate.siv?goods_no=2507009981|https://image.shinsegaev.com/upload/C00001/s3/goods/org/787/250805105299787.jpg|new|in stock|199000.0|199000.0|||JAAH|||unisex||||KR::KRW:3000|2507009981|40000|25 F/W|신상||신세계V 브랜드
2507009982|[JAAH]매쉬 점퍼|siecmobile://deeplink/gate/gate.siv?goods_no=2507009982|1081778027|신세계V|siecmobile://deeplink/gate/gate.siv?goods_no=2507009982|com.si.simembers|신세계V|siecmobile://deeplink/gate/gate.siv?goods_no=2507009982|||신세계인터내셔날 프리미엄 라이프스타일 플랫폼, 신세계V!|여성의류>아우터|여성의류>JAAH|https://m.shinsegaev.com/gate/gate.siv?goods_no=2507009982|https://image.shinsegaev.com/upload/C00001/s3/goods/org/794/250805105299794.jpg|new|in stock|199000.0|199000.0|||JAAH|||unisex||||KR::KRW:3000|2507009982|40000|25 F/W|신상||신세계V 브랜드
2507009983|[JAAH]새틴 스커트|siecmobile://deeplink/gate/gate.siv?goods_no=2507009983|1081778027|신세계V|siecmobile://deeplink/gate/gate.siv?goods_no=2507009983|com.si.simembers|신세계V|siecmobile://deeplink/gate/gate.siv?goods_no=2507009983|||신세계인터내셔날 프리미엄 라이프스타일 플랫폼, 신세계V!|여성의류>스커트|여성의류>JAAH|https://m.shinsegaev.com/gate/gate.siv?goods_no=2507009983|https://image.shinsegaev.com/upload/C00001/s3/goods/org/802/250805105299802.jpg|new|in stock|139000.0|139000.0|||JAAH|||unisex||||KR::KRW:3000|2507009983|40000|25 F/W|신상||신세계V 브랜드
2507009984|[JAAH]매쉬 스커트|siecmobile://deeplink/gate/gate.siv?goods_no=2507009984|1081778027|신세계V|siecmobile://deeplink/gate/gate.siv?goods_no=2507009984|com.si.simembers|신세계V|siecmobile://deeplink/gate/gate.siv?goods_no=2507009984|||신세계인터내셔날 프리미엄 라이프스타일 플랫폼, 신세계V!|여성의류>스커트|여성의류>JAAH|https://m.shinsegaev.com/gate/gate.siv?goods_no=2507009984|https://image.shinsegaev.com/upload/C00001/s3/goods/org/810/250805105299810.jpg|new|in stock|119000.0|119000.0|||JAAH|||unisex||||KR::KRW:3000|2507009984|40000|25 F/W|신상||신세계V 브랜드
2507009985|[JAAH]새틴 와이드 팬츠|siecmobile://deeplink/gate/gate.siv?goods_no=2507009985|1081778027|신세계V|siecmobile://deeplink/gate/gate.siv?goods_no=2507009985|com.si.simembers|신세계V|siecmobile://deeplink/gate/gate.siv?goods_no=2507009985|||신세계인터내셔날 프리미엄 라이프스타일 플랫폼, 신세계V!|여성의류>팬츠|여성의류>JAAH|https://m.shinsegaev.com/gate/gate.siv?goods_no=2507009985|https://image.shinsegaev.com/upload/C00001/s3/goods/org/817/250805105299817.jpg|new|in stock|119000.0|119000.0|||JAAH|||unisex||||KR::KRW:3000|2507009985|40000|25 F/W|신상||신세계V 브랜드
2507009986|[JAAH]새틴 와이드 팬츠|siecmobile://deeplink/gate/gate.siv?goods_no=2507009986|1081778027|신세계V|siecmobile://deeplink/gate/gate.siv?goods_no=2507009986|com.si.simembers|신세계V|siecmobile://deeplink/gate/gate.siv?goods_no=2507009986|||신세계인터내셔날 프리미엄 라이프스타일 플랫폼, 신세계V!|여성의류>팬츠|여성의류>JAAH|https://m.shinsegaev.com/gate/gate.siv?goods_no=2507009986|https://image.shinsegaev.com/upload/C00001/s3/goods/org/827/250805105299827.jpg|new|in stock|119000.0|119000.0|||JAAH|||unisex||||KR::KRW:3000|2507009986|40000|25 F/W|신상||신세계V 브랜드
2507009987|[JAAH]세미 와이드 데님 팬츠|siecmobile://deeplink/gate/gate.siv?goods_no=2507009987|1081778027|신세계V|siecmobile://deeplink/gate/gate.siv?goods_no=2507009987|com.si.simembers|신세계V|siecmobile://deeplink/gate/gate.siv?goods_no=2507009987|||신세계인터내셔날 프리미엄 라이프스타일 플랫폼, 신세계V!|여성의류>데님|여성의류>JAAH|https://m.shinsegaev.com/gate/gate.siv?goods_no=2507009987|https://image.shinsegaev.com/upload/C00001/s3/goods/org/834/250805105299834.jpg|new|in stock|99900.0|69900.0|||JAAH|||unisex||||KR::KRW:3000|2507009987|40000|25 F/W|신상||신세계V 브랜드
2507019995|[JAAH]셔링 점퍼|siecmobile://deeplink/gate/gate.siv?goods_no=2507019995|1081778027|신세계V|siecmobile://deeplink/gate/gate.siv?goods_no=2507019995|com.si.simembers|신세계V|siecmobile://deeplink/gate/gate.siv?goods_no=2507019995|||신세계인터내셔날 프리미엄 라이프스타일 플랫폼, 신세계V!|여성의류>아우터|여성의류>JAAH|https://m.shinsegaev.com/gate/gate.siv?goods_no=2507019995|https://image.shinsegaev.com/upload/C00001/s3/goods/org/841/250805105299841.jpg|new|in stock|179000.0|179000.0|||JAAH|||unisex||||KR::KRW:3000|2507019995|40000|25 F/W|신상||신세계V 브랜드
2507019996|[JAAH]셔링 점퍼|siecmobile://deeplink/gate/gate.siv?goods_no=2507019996|1081778027|신세계V|siecmobile://deeplink/gate/gate.siv?goods_no=2507019996|com.si.simembers|신세계V|siecmobile://deeplink/gate/gate.siv?goods_no=2507019996|||신세계인터내셔날 프리미엄 라이프스타일 플랫폼, 신세계V!|여성의류>아우터|여성의류>JAAH|https://m.shinsegaev.com/gate/gate.siv?goods_no=2507019996|https://image.shinsegaev.com/upload/C00001/s3/goods/org/848/250805105299848.jpg|new|in stock|179000.0|179000.0|||JAAH|||unisex||||KR::KRW:3000|2507019996|40000|25 F/W|신상||신세계V 브랜드
2507019997|[JAAH]볼레로 점퍼|siecmobile://deeplink/gate/gate.siv?goods_no=2507019997|1081778027|신세계V|siecmobile://deeplink/gate/gate.siv?goods_no=2507019997|com.si.simembers|신세계V|siecmobile://deeplink/gate/gate.siv?goods_no=2507019997|||신세계인터내셔날 프리미엄 라이프스타일 플랫폼, 신세계V!|여성의류>아우터|여성의류>JAAH|https://m.shinsegaev.com/gate/gate.siv?goods_no=2507019997|https://image.shinsegaev.com/upload/C00001/s3/goods/org/855/250805105299855.jpg|new|in stock|179000.0|179000.0|||JAAH|||unisex||||KR::KRW:3000|2507019997|40000|25 F/W|신상||신세계V 브랜드
2507019998|[JAAH]볼레로 점퍼|siecmobile://deeplink/gate/gate.siv?goods_no=2507019998|1081778027|신세계V|siecmobile://deeplink/gate/gate.siv?goods_no=2507019998|com.si.simembers|신세계V|siecmobile://deeplink/gate/gate.siv?goods_no=2507019998|||신세계인터내셔날 프리미엄 라이프스타일 플랫폼, 신세계V!|여성의류>아우터|여성의류>JAAH|https://m.shinsegaev.com/gate/gate.siv?goods_no=2507019998|https://image.shinsegaev.com/upload/C00001/s3/goods/org/862/250805105299862.jpg|new|in stock|179000.0|179000.0|||JAAH|||unisex||||KR::KRW:3000|2507019998|40000|25 F/W|신상||신세계V 브랜드
2507019999|[JAAH]디테쳐블 판초|siecmobile://deeplink/gate/gate.siv?goods_no=2507019999|1081778027|신세계V|siecmobile://deeplink/gate/gate.siv?goods_no=2507019999|com.si.simembers|신세계V|siecmobile://deeplink/gate/gate.siv?goods_no=2507019999|||신세계인터내셔날 프리미엄 라이프스타일 플랫폼, 신세계V!|여성의류>아우터|여성의류>JAAH|https://m.shinsegaev.com/gate/gate.siv?goods_no=2507019999|https://image.shinsegaev.com/upload/C00001/s3/goods/org/869/250805105299869.jpg|new|in stock|219000.0|219000.0|||JAAH|||unisex||||KR::KRW:3000|2507019999|40000|25 F/W|신상||신세계V 브랜드
2507020004|[JAAH]시스루 터틀넥 티셔츠|siecmobile://deeplink/gate/gate.siv?goods_no=2507020004|1081778027|신세계V|siecmobile://deeplink/gate/gate.siv?goods_no=2507020004|com.si.simembers|신세계V|siecmobile://deeplink/gate/gate.siv?goods_no=2507020004|||신세계인터내셔날 프리미엄 라이프스타일 플랫폼, 신세계V!|여성의류>티셔츠|여성의류>JAAH|https://m.shinsegaev.com/gate/gate.siv?goods_no=2507020004|https://image.shinsegaev.com/upload/C00001/s3/goods/org/906/250805105299906.jpg|new|in stock|49900.0|49900.0|||JAAH|||unisex||||KR::KRW:3000|2507020004|40000|25 F/W|신상||신세계V 브랜드
2507020006|[JAAH]코튼 립 민소매 티셔츠|siecmobile://deeplink/gate/gate.siv?goods_no=2507020006|1081778027|신세계V|siecmobile://deeplink/gate/gate.siv?goods_no=2507020006|com.si.simembers|신세계V|siecmobile://deeplink/gate/gate.siv?goods_no=2507020006|||신세계인터내셔날 프리미엄 라이프스타일 플랫폼, 신세계V!|여성의류>티셔츠|여성의류>JAAH|https://m.shinsegaev.com/gate/gate.siv?goods_no=2507020006|https://image.shinsegaev.com/upload/C00001/s3/goods/org/921/250805105299921.jpg|new|in stock|29900.0|29900.0|||JAAH|||unisex||||KR::KRW:3000|2507020006|40000|25 F/W|신상||신세계V 브랜드
2507020007|[JAAH]코튼 립 민소매 티셔츠|siecmobile://deeplink/gate/gate.siv?goods_no=2507020007|1081778027|신세계V|siecmobile://deeplink/gate/gate.siv?goods_no=2507020007|com.si.simembers|신세계V|siecmobile://deeplink/gate/gate.siv?goods_no=2507020007|||신세계인터내셔날 프리미엄 라이프스타일 플랫폼, 신세계V!|여성의류>티셔츠|여성의류>JAAH|https://m.shinsegaev.com/gate/gate.siv?goods_no=2507020007|https://image.shinsegaev.com/upload/C00001/s3/goods/org/927/250805105299927.jpg|new|in stock|29900.0|29900.0|||JAAH|||unisex||||KR::KRW:3000|2507020007|40000|25 F/W|신상||신세계V 브랜드
2507020008|[JAAH]코튼 립 민소매 티셔츠|siecmobile://deeplink/gate/gate.siv?goods_no=2507020008|1081778027|신세계V|siecmobile://deeplink/gate/gate.siv?goods_no=2507020008|com.si.simembers|신세계V|siecmobile://deeplink/gate/gate.siv?goods_no=2507020008|||신세계인터내셔날 프리미엄 라이프스타일 플랫폼, 신세계V!|여성의류>티셔츠|여성의류>JAAH|https://m.shinsegaev.com/gate/gate.siv?goods_no=2507020008|https://image.shinsegaev.com/upload/C00001/s3/goods/org/933/250805105299933.jpg|new|in stock|29900.0|29900.0|||JAAH|||unisex||||KR::KRW:3000|2507020008|40000|25 F/W|신상||신세계V 브랜드
2507020009|[JAAH]셔링 투웨이 스커트|siecmobile://deeplink/gate/gate.siv?goods_no=2507020009|1081778027|신세계V|siecmobile://deeplink/gate/gate.siv?goods_no=2507020009|com.si.simembers|신세계V|siecmobile://deeplink/gate/gate.siv?goods_no=2507020009|||신세계인터내셔날 프리미엄 라이프스타일 플랫폼, 신세계V!|여성의류>스커트|여성의류>JAAH|https://m.shinsegaev.com/gate/gate.siv?goods_no=2507020009|https://image.shinsegaev.com/upload/C00001/s3/goods/org/940/250805105299940.jpg|new|in stock|119000.0|119000.0|||JAAH|||unisex||||KR::KRW:3000|2507020009|40000|25 F/W|신상||신세계V 브랜드
2507020010|[JAAH]셔링 투웨이 스커트|siecmobile://deeplink/gate/gate.siv?goods_no=2507020010|1081778027|신세계V|siecmobile://deeplink/gate/gate.siv?goods_no=2507020010|com.si.simembers|신세계V|siecmobile://deeplink/gate/gate.siv?goods_no=2507020010|||신세계인터내셔날 프리미엄 라이프스타일 플랫폼, 신세계V!|여성의류>스커트|여성의류>JAAH|https://m.shinsegaev.com/gate/gate.siv?goods_no=2507020010|https://image.shinsegaev.com/upload/C00001/s3/goods/org/947/250805105299947.jpg|new|in stock|119000.0|119000.0|||JAAH|||unisex||||KR::KRW:3000|2507020010|40000|25 F/W|신상||신세계V 브랜드
2507020011|[JAAH]벨트 풀 스커트|siecmobile://deeplink/gate/gate.siv?goods_no=2507020011|1081778027|신세계V|siecmobile://deeplink/gate/gate.siv?goods_no=2507020011|com.si.simembers|신세계V|siecmobile://deeplink/gate/gate.siv?goods_no=2507020011|||신세계인터내셔날 프리미엄 라이프스타일 플랫폼, 신세계V!|여성의류>스커트|여성의류>JAAH|https://m.shinsegaev.com/gate/gate.siv?goods_no=2507020011|https://image.shinsegaev.com/upload/C00001/s3/goods/org/954/250805105299954.jpg|new|in stock|139000.0|139000.0|||JAAH|||unisex||||KR::KRW:3000|2507020011|40000|25 F/W|신상||신세계V 브랜드
2507020012|[JAAH]벨트 풀 스커트|siecmobile://deeplink/gate/gate.siv?goods_no=2507020012|1081778027|신세계V|siecmobile://deeplink/gate/gate.siv?goods_no=2507020012|com.si.simembers|신세계V|siecmobile://deeplink/gate/gate.siv?goods_no=2507020012|||신세계인터내셔날 프리미엄 라이프스타일 플랫폼, 신세계V!|여성의류>스커트|여성의류>JAAH|https://m.shinsegaev.com/gate/gate.siv?goods_no=2507020012|https://image.shinsegaev.com/upload/C00001/s3/goods/org/961/250805105299961.jpg|new|in stock|139000.0|139000.0|||JAAH|||unisex||||KR::KRW:3000|2507020012|40000|25 F/W|신상||신세계V 브랜드
2507020013|[JAAH]시스루 스커트|siecmobile://deeplink/gate/gate.siv?goods_no=2507020013|1081778027|신세계V|siecmobile://deeplink/gate/gate.siv?goods_no=2507020013|com.si.simembers|신세계V|siecmobile://deeplink/gate/gate.siv?goods_no=2507020013|||신세계인터내셔날 프리미엄 라이프스타일 플랫폼, 신세계V!|여성의류>스커트|여성의류>JAAH|https://m.shinsegaev.com/gate/gate.siv?goods_no=2507020013|https://image.shinsegaev.com/upload/C00001/s3/goods/org/968/250805105299968.jpg|new|in stock|99900.0|99900.0|||JAAH|||unisex||||KR::KRW:3000|2507020013|40000|25 F/W|신상||신세계V 브랜드
2507020014|[JAAH]시스루 스커트|siecmobile://deeplink/gate/gate.siv?goods_no=2507020014|1081778027|신세계V|siecmobile://deeplink/gate/gate.siv?goods_no=2507020014|com.si.simembers|신세계V|siecmobile://deeplink/gate/gate.siv?goods_no=2507020014|||신세계인터내셔날 프리미엄 라이프스타일 플랫폼, 신세계V!|여성의류>스커트|여성의류>JAAH|https://m.shinsegaev.com/gate/gate.siv?goods_no=2507020014|https://image.shinsegaev.com/upload/C00001/s3/goods/org/975/250805105299975.jpg|new|in stock|99900.0|99900.0|||JAAH|||unisex||||KR::KRW:3000|2507020014|40000|25 F/W|신상||신세계V 브랜드
2507020015|[JAAH]벨트 패러슈트 팬츠|siecmobile://deeplink/gate/gate.siv?goods_no=2507020015|1081778027|신세계V|siecmobile://deeplink/gate/gate.siv?goods_no=2507020015|com.si.simembers|신세계V|siecmobile://deeplink/gate/gate.siv?goods_no=2507020015|||신세계인터내셔날 프리미엄 라이프스타일 플랫폼, 신세계V!|여성의류>팬츠|여성의류>JAAH|https://m.shinsegaev.com/gate/gate.siv?goods_no=2507020015|https://image.shinsegaev.com/upload/C00001/s3/goods/org/982/250805105299982.jpg|new|in stock|139000.0|139000.0|||JAAH|||unisex||||KR::KRW:3000|2507020015|40000|25 F/W|신상||신세계V 브랜드
2507020016|[JAAH]벨트 패러슈트 팬츠|siecmobile://deeplink/gate/gate.siv?goods_no=2507020016|1081778027|신세계V|siecmobile://deeplink/gate/gate.siv?goods_no=2507020016|com.si.simembers|신세계V|siecmobile://deeplink/gate/gate.siv?goods_no=2507020016|||신세계인터내셔날 프리미엄 라이프스타일 플랫폼, 신세계V!|여성의류>팬츠|여성의류>JAAH|https://m.shinsegaev.com/gate/gate.siv?goods_no=2507020016|https://image.shinsegaev.com/upload/C00001/s3/goods/org/993/250805105299993.jpg|new|in stock|139000.0|139000.0|||JAAH|||unisex||||KR::KRW:3000|2507020016|40000|25 F/W|신상||신세계V 브랜드
2507020017|[JAAH]밴딩 숏 팬츠|siecmobile://deeplink/gate/gate.siv?goods_no=2507020017|1081778027|신세계V|siecmobile://deeplink/gate/gate.siv?goods_no=2507020017|com.si.simembers|신세계V|siecmobile://deeplink/gate/gate.siv?goods_no=2507020017|||신세계인터내셔날 프리미엄 라이프스타일 플랫폼, 신세계V!|여성의류>팬츠|여성의류>JAAH|https://m.shinsegaev.com/gate/gate.siv?goods_no=2507020017|https://image.shinsegaev.com/upload/C00001/s3/goods/org/001/250805105300001.jpg|new|in stock|119000.0|119000.0|||JAAH|||unisex||||KR::KRW:3000|2507020017|40000|25 F/W|신상||신세계V 브랜드
2507020018|[JAAH]밴딩 숏 팬츠|siecmobile://deeplink/gate/gate.siv?goods_no=2507020018|1081778027|신세계V|siecmobile://deeplink/gate/gate.siv?goods_no=2507020018|com.si.simembers|신세계V|siecmobile://deeplink/gate/gate.siv?goods_no=2507020018|||신세계인터내셔날 프리미엄 라이프스타일 플랫폼, 신세계V!|여성의류>팬츠|여성의류>JAAH|https://m.shinsegaev.com/gate/gate.siv?goods_no=2507020018|https://image.shinsegaev.com/upload/C00001/s3/goods/org/008/250805105300008.jpg|new|in stock|119000.0|119000.0|||JAAH|||unisex||||KR::KRW:3000|2507020018|40000|25 F/W|신상||신세계V 브랜드
2507020021|[JAAH]니트 민소매 원피스|siecmobile://deeplink/gate/gate.siv?goods_no=2507020021|1081778027|신세계V|siecmobile://deeplink/gate/gate.siv?goods_no=2507020021|com.si.simembers|신세계V|siecmobile://deeplink/gate/gate.siv?goods_no=2507020021|||신세계인터내셔날 프리미엄 라이프스타일 플랫폼, 신세계V!|여성의류>원피스|여성의류>JAAH|https://m.shinsegaev.com/gate/gate.siv?goods_no=2507020021|https://image.shinsegaev.com/upload/C00001/s3/goods/org/031/250805105300031.jpg|new|in stock|279000.0|279000.0|||JAAH|||unisex||||KR::KRW:3000|2507020021|40000|25 F/W|신상||신세계V 브랜드
2507030865|[JAAH]스트링 셔츠|siecmobile://deeplink/gate/gate.siv?goods_no=2507030865|1081778027|신세계V|siecmobile://deeplink/gate/gate.siv?goods_no=2507030865|com.si.simembers|신세계V|siecmobile://deeplink/gate/gate.siv?goods_no=2507030865|||신세계인터내셔날 프리미엄 라이프스타일 플랫폼, 신세계V!|여성의류>블라우스/셔츠|여성의류>JAAH|https://m.shinsegaev.com/gate/gate.siv?goods_no=2507030865|https://image.shinsegaev.com/upload/C00001/s3/goods/org/492/250903112815492.jpg|new|in stock|139000.0|139000.0|||JAAH|||unisex||||KR::KRW:3000|2507030865|40000|25 F/W|신상||신세계V 브랜드
2507030866|[JAAH]스트링 셔츠|siecmobile://deeplink/gate/gate.siv?goods_no=2507030866|1081778027|신세계V|siecmobile://deeplink/gate/gate.siv?goods_no=2507030866|com.si.simembers|신세계V|siecmobile://deeplink/gate/gate.siv?goods_no=2507030866|||신세계인터내셔날 프리미엄 라이프스타일 플랫폼, 신세계V!|여성의류>블라우스/셔츠|여성의류>JAAH|https://m.shinsegaev.com/gate/gate.siv?goods_no=2507030866|https://image.shinsegaev.com/upload/C00001/s3/goods/org/059/250805105300059.jpg|new|in stock|139000.0|139000.0|||JAAH|||unisex||||KR::KRW:3000|2507030866|40000|25 F/W|신상||신세계V 브랜드
2507030867|[JAAH]헨리넥 셔츠 원피스|siecmobile://deeplink/gate/gate.siv?goods_no=2507030867|1081778027|신세계V|siecmobile://deeplink/gate/gate.siv?goods_no=2507030867|com.si.simembers|신세계V|siecmobile://deeplink/gate/gate.siv?goods_no=2507030867|||신세계인터내셔날 프리미엄 라이프스타일 플랫폼, 신세계V!|여성의류>원피스|여성의류>JAAH|https://m.shinsegaev.com/gate/gate.siv?goods_no=2507030867|https://image.shinsegaev.com/upload/C00001/s3/goods/org/066/250805105300066.jpg|new|in stock|159000.0|159000.0|||JAAH|||unisex||||KR::KRW:3000|2507030867|40000|25 F/W|신상||신세계V 브랜드
2507067972|[JAAH]시어 니 삭스|siecmobile://deeplink/gate/gate.siv?goods_no=2507067972|1081778027|신세계V|siecmobile://deeplink/gate/gate.siv?goods_no=2507067972|com.si.simembers|신세계V|siecmobile://deeplink/gate/gate.siv?goods_no=2507067972|||신세계인터내셔날 프리미엄 라이프스타일 플랫폼, 신세계V!|액세서리>여성 액세서리|액세서리>JAAH|https://m.shinsegaev.com/gate/gate.siv?goods_no=2507067972|https://image.shinsegaev.com/upload/C00001/s3/goods/org/092/250805105300092.jpg|new|in stock|15900.0|15900.0|||JAAH|||unisex||||KR::KRW:3000|2507067972|40000|25 F/W|신상||신세계V 브랜드
2507067973|[JAAH]시어 니 삭스|siecmobile://deeplink/gate/gate.siv?goods_no=2507067973|1081778027|신세계V|siecmobile://deeplink/gate/gate.siv?goods_no=2507067973|com.si.simembers|신세계V|siecmobile://deeplink/gate/gate.siv?goods_no=2507067973|||신세계인터내셔날 프리미엄 라이프스타일 플랫폼, 신세계V!|액세서리>여성 액세서리|액세서리>JAAH|https://m.shinsegaev.com/gate/gate.siv?goods_no=2507067973|https://image.shinsegaev.com/upload/C00001/s3/goods/org/098/250805105300098.jpg|new|in stock|15900.0|15900.0|||JAAH|||unisex||||KR::KRW:3000|2507067973|40000|25 F/W|신상||신세계V 브랜드
2507067974|[JAAH]시어 니 삭스|siecmobile://deeplink/gate/gate.siv?goods_no=2507067974|1081778027|신세계V|siecmobile://deeplink/gate/gate.siv?goods_no=2507067974|com.si.simembers|신세계V|siecmobile://deeplink/gate/gate.siv?goods_no=2507067974|||신세계인터내셔날 프리미엄 라이프스타일 플랫폼, 신세계V!|액세서리>여성 액세서리|액세서리>JAAH|https://m.shinsegaev.com/gate/gate.siv?goods_no=2507067974|https://image.shinsegaev.com/upload/C00001/s3/goods/org/104/250805105300104.jpg|new|in stock|15900.0|15900.0|||JAAH|||unisex||||KR::KRW:3000|2507067974|40000|25 F/W|신상||신세계V 브랜드
2507067975|[JAAH]시어 오버 니 삭스|siecmobile://deeplink/gate/gate.siv?goods_no=2507067975|1081778027|신세계V|siecmobile://deeplink/gate/gate.siv?goods_no=2507067975|com.si.simembers|신세계V|siecmobile://deeplink/gate/gate.siv?goods_no=2507067975|||신세계인터내셔날 프리미엄 라이프스타일 플랫폼, 신세계V!|액세서리>여성 액세서리|액세서리>JAAH|https://m.shinsegaev.com/gate/gate.siv?goods_no=2507067975|https://image.shinsegaev.com/upload/C00001/s3/goods/org/110/250805105300110.jpg|new|in stock|19900.0|19900.0|||JAAH|||unisex||||KR::KRW:3000|2507067975|40000|25 F/W|신상||신세계V 브랜드
2507067976|[JAAH]시어 오버 니 삭스|siecmobile://deeplink/gate/gate.siv?goods_no=2507067976|1081778027|신세계V|siecmobile://deeplink/gate/gate.siv?goods_no=2507067976|com.si.simembers|신세계V|siecmobile://deeplink/gate/gate.siv?goods_no=2507067976|||신세계인터내셔날 프리미엄 라이프스타일 플랫폼, 신세계V!|액세서리>여성 액세서리|액세서리>JAAH|https://m.shinsegaev.com/gate/gate.siv?goods_no=2507067976|https://image.shinsegaev.com/upload/C00001/s3/goods/org/116/250805105300116.jpg|new|in stock|19900.0|19900.0|||JAAH|||unisex||||KR::KRW:3000|2507067976|40000|25 F/W|신상||신세계V 브랜드
2507076149|[JAAH]벨트 반팔 원피스|siecmobile://deeplink/gate/gate.siv?goods_no=2507076149|1081778027|신세계V|siecmobile://deeplink/gate/gate.siv?goods_no=2507076149|com.si.simembers|신세계V|siecmobile://deeplink/gate/gate.siv?goods_no=2507076149|||신세계인터내셔날 프리미엄 라이프스타일 플랫폼, 신세계V!|여성의류>원피스|여성의류>JAAH|https://m.shinsegaev.com/gate/gate.siv?goods_no=2507076149|https://image.shinsegaev.com/upload/C00001/s3/goods/org/136/250805105300136.jpg|new|in stock|159000.0|159000.0|||JAAH|||unisex||||KR::KRW:3000|2507076149|40000|25 F/W|신상||신세계V 브랜드
2507076150|[JAAH]벨트 반팔 원피스|siecmobile://deeplink/gate/gate.siv?goods_no=2507076150|1081778027|신세계V|siecmobile://deeplink/gate/gate.siv?goods_no=2507076150|com.si.simembers|신세계V|siecmobile://deeplink/gate/gate.siv?goods_no=2507076150|||신세계인터내셔날 프리미엄 라이프스타일 플랫폼, 신세계V!|여성의류>원피스|여성의류>JAAH|https://m.shinsegaev.com/gate/gate.siv?goods_no=2507076150|https://image.shinsegaev.com/upload/C00001/s3/goods/org/144/250805105300144.jpg|new|in stock|159000.0|159000.0|||JAAH|||unisex||||KR::KRW:3000|2507076150|40000|25 F/W|신상||신세계V 브랜드
2507107553|[JAAH]울 블렌디드 레이어드 티셔츠|siecmobile://deeplink/gate/gate.siv?goods_no=2507107553|1081778027|신세계V|siecmobile://deeplink/gate/gate.siv?goods_no=2507107553|com.si.simembers|신세계V|siecmobile://deeplink/gate/gate.siv?goods_no=2507107553|||신세계인터내셔날 프리미엄 라이프스타일 플랫폼, 신세계V!|여성의류>티셔츠|여성의류>JAAH|https://m.shinsegaev.com/gate/gate.siv?goods_no=2507107553|https://image.shinsegaev.com/upload/C00001/s3/goods/org/152/250805105300152.jpg|new|in stock|49900.0|49900.0|||JAAH|||unisex||||KR::KRW:3000|2507107553|40000|25 F/W|신상||신세계V 브랜드
2507107554|[JAAH]울 블렌디드 레이어드 티셔츠|siecmobile://deeplink/gate/gate.siv?goods_no=2507107554|1081778027|신세계V|siecmobile://deeplink/gate/gate.siv?goods_no=2507107554|com.si.simembers|신세계V|siecmobile://deeplink/gate/gate.siv?goods_no=2507107554|||신세계인터내셔날 프리미엄 라이프스타일 플랫폼, 신세계V!|여성의류>티셔츠|여성의류>JAAH|https://m.shinsegaev.com/gate/gate.siv?goods_no=2507107554|https://image.shinsegaev.com/upload/C00001/s3/goods/org/130/250903112815130.jpg|new|in stock|49900.0|49900.0|||JAAH|||unisex||||KR::KRW:3000|2507107554|40000|25 F/W|신상||신세계V 브랜드
2507107555|[JAAH]울 블렌디드 레이어드 티셔츠|siecmobile://deeplink/gate/gate.siv?goods_no=2507107555|1081778027|신세계V|siecmobile://deeplink/gate/gate.siv?goods_no=2507107555|com.si.simembers|신세계V|siecmobile://deeplink/gate/gate.siv?goods_no=2507107555|||신세계인터내셔날 프리미엄 라이프스타일 플랫폼, 신세계V!|여성의류>티셔츠|여성의류>JAAH|https://m.shinsegaev.com/gate/gate.siv?goods_no=2507107555|https://image.shinsegaev.com/upload/C00001/s3/goods/org/164/250805105300164.jpg|new|in stock|49900.0|49900.0|||JAAH|||unisex||||KR::KRW:3000|2507107555|40000|25 F/W|신상||신세계V 브랜드
2507107556|[JAAH]울 블렌디드 레이어드 민소매|siecmobile://deeplink/gate/gate.siv?goods_no=2507107556|1081778027|신세계V|siecmobile://deeplink/gate/gate.siv?goods_no=2507107556|com.si.simembers|신세계V|siecmobile://deeplink/gate/gate.siv?goods_no=2507107556|||신세계인터내셔날 프리미엄 라이프스타일 플랫폼, 신세계V!|여성의류>티셔츠|여성의류>JAAH|https://m.shinsegaev.com/gate/gate.siv?goods_no=2507107556|https://image.shinsegaev.com/upload/C00001/s3/goods/org/170/250805105300170.jpg|new|in stock|39900.0|39900.0|||JAAH|||unisex||||KR::KRW:3000|2507107556|40000|25 F/W|신상||신세계V 브랜드
2507107557|[JAAH]울 블렌디드 레이어드 민소매|siecmobile://deeplink/gate/gate.siv?goods_no=2507107557|1081778027|신세계V|siecmobile://deeplink/gate/gate.siv?goods_no=2507107557|com.si.simembers|신세계V|siecmobile://deeplink/gate/gate.siv?goods_no=2507107557|||신세계인터내셔날 프리미엄 라이프스타일 플랫폼, 신세계V!|여성의류>티셔츠|여성의류>JAAH|https://m.shinsegaev.com/gate/gate.siv?goods_no=2507107557|https://image.shinsegaev.com/upload/C00001/s3/goods/org/269/250903112815269.jpg|new|in stock|39900.0|39900.0|||JAAH|||unisex||||KR::KRW:3000|2507107557|40000|25 F/W|신상||신세계V 브랜드
2507107558|[JAAH]울 블렌디드 레이어드 민소매|siecmobile://deeplink/gate/gate.siv?goods_no=2507107558|1081778027|신세계V|siecmobile://deeplink/gate/gate.siv?goods_no=2507107558|com.si.simembers|신세계V|siecmobile://deeplink/gate/gate.siv?goods_no=2507107558|||신세계인터내셔날 프리미엄 라이프스타일 플랫폼, 신세계V!|여성의류>티셔츠|여성의류>JAAH|https://m.shinsegaev.com/gate/gate.siv?goods_no=2507107558|https://image.shinsegaev.com/upload/C00001/s3/goods/org/182/250805105300182.jpg|new|in stock|39900.0|39900.0|||JAAH|||unisex||||KR::KRW:3000|2507107558|40000|25 F/W|신상||신세계V 브랜드
2507107559|[JAAH]울 블렌디드 레이어드 터틀넥|siecmobile://deeplink/gate/gate.siv?goods_no=2507107559|1081778027|신세계V|siecmobile://deeplink/gate/gate.siv?goods_no=2507107559|com.si.simembers|신세계V|siecmobile://deeplink/gate/gate.siv?goods_no=2507107559|||신세계인터내셔날 프리미엄 라이프스타일 플랫폼, 신세계V!|여성의류>티셔츠|여성의류>JAAH|https://m.shinsegaev.com/gate/gate.siv?goods_no=2507107559|https://image.shinsegaev.com/upload/C00001/s3/goods/org/188/250805105300188.jpg|new|in stock|59900.0|41900.0|||JAAH|||unisex||||KR::KRW:3000|2507107559|40000|25 F/W|신상||신세계V 브랜드
2507107560|[JAAH]울 블렌디드 레이어드 터틀넥|siecmobile://deeplink/gate/gate.siv?goods_no=2507107560|1081778027|신세계V|siecmobile://deeplink/gate/gate.siv?goods_no=2507107560|com.si.simembers|신세계V|siecmobile://deeplink/gate/gate.siv?goods_no=2507107560|||신세계인터내셔날 프리미엄 라이프스타일 플랫폼, 신세계V!|여성의류>티셔츠|여성의류>JAAH|https://m.shinsegaev.com/gate/gate.siv?goods_no=2507107560|https://image.shinsegaev.com/upload/C00001/s3/goods/org/366/250903112815366.jpg|new|in stock|59900.0|41900.0|||JAAH|||unisex||||KR::KRW:3000|2507107560|40000|25 F/W|신상||신세계V 브랜드
2507107561|[JAAH]울 블렌디드 레이어드 터틀넥|siecmobile://deeplink/gate/gate.siv?goods_no=2507107561|1081778027|신세계V|siecmobile://deeplink/gate/gate.siv?goods_no=2507107561|com.si.simembers|신세계V|siecmobile://deeplink/gate/gate.siv?goods_no=2507107561|||신세계인터내셔날 프리미엄 라이프스타일 플랫폼, 신세계V!|여성의류>티셔츠|여성의류>JAAH|https://m.shinsegaev.com/gate/gate.siv?goods_no=2507107561|https://image.shinsegaev.com/upload/C00001/s3/goods/org/204/250805105300204.jpg|new|in stock|59900.0|41900.0|||JAAH|||unisex||||KR::KRW:3000|2507107561|40000|25 F/W|신상||신세계V 브랜드
2507169516|[JAAH]라이트 반달 크로스 백|siecmobile://deeplink/gate/gate.siv?goods_no=2507169516|1081778027|신세계V|siecmobile://deeplink/gate/gate.siv?goods_no=2507169516|com.si.simembers|신세계V|siecmobile://deeplink/gate/gate.siv?goods_no=2507169516|||신세계인터내셔날 프리미엄 라이프스타일 플랫폼, 신세계V!|백/슈즈>여성 가방|백/슈즈>JAAH|https://m.shinsegaev.com/gate/gate.siv?goods_no=2507169516|https://image.shinsegaev.com/upload/C00001/s3/goods/org/210/250805105300210.jpg|new|in stock|99900.0|99900.0|||JAAH|||unisex||||KR::KRW:3000|2507169516|40000|25 F/W|신상||신세계V 브랜드
2507169517|[JAAH]라이트 반달 크로스 백|siecmobile://deeplink/gate/gate.siv?goods_no=2507169517|1081778027|신세계V|siecmobile://deeplink/gate/gate.siv?goods_no=2507169517|com.si.simembers|신세계V|siecmobile://deeplink/gate/gate.siv?goods_no=2507169517|||신세계인터내셔날 프리미엄 라이프스타일 플랫폼, 신세계V!|백/슈즈>여성 가방|백/슈즈>JAAH|https://m.shinsegaev.com/gate/gate.siv?goods_no=2507169517|https://image.shinsegaev.com/upload/C00001/s3/goods/org/437/250904113073437.jpg|new|in stock|99900.0|99900.0|||JAAH|||unisex||||KR::KRW:3000|2507169517|40000|25 F/W|신상||신세계V 브랜드
2507169518|[JAAH]라이트 반달 크로스 백|siecmobile://deeplink/gate/gate.siv?goods_no=2507169518|1081778027|신세계V|siecmobile://deeplink/gate/gate.siv?goods_no=2507169518|com.si.simembers|신세계V|siecmobile://deeplink/gate/gate.siv?goods_no=2507169518|||신세계인터내셔날 프리미엄 라이프스타일 플랫폼, 신세계V!|백/슈즈>여성 가방|백/슈즈>JAAH|https://m.shinsegaev.com/gate/gate.siv?goods_no=2507169518|https://image.shinsegaev.com/upload/C00001/s3/goods/org/222/250805105300222.jpg|new|in stock|99900.0|99900.0|||JAAH|||unisex||||KR::KRW:3000|2507169518|40000|25 F/W|신상||신세계V 브랜드
2507169519|[JAAH]언발란스 와이드 버킷 햇|siecmobile://deeplink/gate/gate.siv?goods_no=2507169519|1081778027|신세계V|siecmobile://deeplink/gate/gate.siv?goods_no=2507169519|com.si.simembers|신세계V|siecmobile://deeplink/gate/gate.siv?goods_no=2507169519|||신세계인터내셔날 프리미엄 라이프스타일 플랫폼, 신세계V!|액세서리>여성 액세서리|액세서리>JAAH|https://m.shinsegaev.com/gate/gate.siv?goods_no=2507169519|https://image.shinsegaev.com/upload/C00001/s3/goods/org/228/250805105300228.jpg|new|in stock|59900.0|59900.0|||JAAH|||unisex||||KR::KRW:3000|2507169519|40000|25 F/W|신상||신세계V 브랜드
2508201269|[JAAH]코튼 배색 반팔 티셔츠|siecmobile://deeplink/gate/gate.siv?goods_no=2508201269|1081778027|신세계V|siecmobile://deeplink/gate/gate.siv?goods_no=2508201269|com.si.simembers|신세계V|siecmobile://deeplink/gate/gate.siv?goods_no=2508201269|||신세계인터내셔날 프리미엄 라이프스타일 플랫폼, 신세계V!|여성의류>티셔츠|여성의류>JAAH|https://m.shinsegaev.com/gate/gate.siv?goods_no=2508201269|https://image.shinsegaev.com/upload/C00001/s3/goods/org/232/250805105300232.jpg|new|in stock|49900.0|49900.0|||JAAH|||unisex||||KR::KRW:3000|2508201269|40000|25 F/W|신상||신세계V 브랜드
2508201270|[JAAH]코튼 배색 반팔 티셔츠|siecmobile://deeplink/gate/gate.siv?goods_no=2508201270|1081778027|신세계V|siecmobile://deeplink/gate/gate.siv?goods_no=2508201270|com.si.simembers|신세계V|siecmobile://deeplink/gate/gate.siv?goods_no=2508201270|||신세계인터내셔날 프리미엄 라이프스타일 플랫폼, 신세계V!|여성의류>티셔츠|여성의류>JAAH|https://m.shinsegaev.com/gate/gate.siv?goods_no=2508201270|https://image.shinsegaev.com/upload/C00001/s3/goods/org/239/250805105300239.jpg|new|in stock|49900.0|49900.0|||JAAH|||unisex||||KR::KRW:3000|2508201270|40000|25 F/W|신상||신세계V 브랜드
2508229307|[JAAH]배색 스웨트 셔츠|siecmobile://deeplink/gate/gate.siv?goods_no=2508229307|1081778027|신세계V|siecmobile://deeplink/gate/gate.siv?goods_no=2508229307|com.si.simembers|신세계V|siecmobile://deeplink/gate/gate.siv?goods_no=2508229307|||신세계인터내셔날 프리미엄 라이프스타일 플랫폼, 신세계V!|여성의류>티셔츠|여성의류>JAAH|https://m.shinsegaev.com/gate/gate.siv?goods_no=2508229307|https://image.shinsegaev.com/upload/C00001/s3/goods/org/651/250903112815651.jpg|new|in stock|99900.0|69900.0|||JAAH|||unisex||||KR::KRW:3000|2508229307|40000|25 F/W|신상||신세계V 브랜드
2508229308|[JAAH]배색 스웨트 셔츠|siecmobile://deeplink/gate/gate.siv?goods_no=2508229308|1081778027|신세계V|siecmobile://deeplink/gate/gate.siv?goods_no=2508229308|com.si.simembers|신세계V|siecmobile://deeplink/gate/gate.siv?goods_no=2508229308|||신세계인터내셔날 프리미엄 라이프스타일 플랫폼, 신세계V!|여성의류>티셔츠|여성의류>JAAH|https://m.shinsegaev.com/gate/gate.siv?goods_no=2508229308|https://image.shinsegaev.com/upload/C00001/s3/goods/org/994/250805105319994.jpg|new|in stock|99900.0|69900.0|||JAAH|||unisex||||KR::KRW:3000|2508229308|40000|25 F/W|신상||신세계V 브랜드
2508255262|[JAAH]자아 디퓨져_애쉬 우드 300ml|siecmobile://deeplink/gate/gate.siv?goods_no=2508255262|1081778027|신세계V|siecmobile://deeplink/gate/gate.siv?goods_no=2508255262|com.si.simembers|신세계V|siecmobile://deeplink/gate/gate.siv?goods_no=2508255262|||신세계인터내셔날 프리미엄 라이프스타일 플랫폼, 신세계V!|라이프>홈데코/생활용품|라이프>JAAH|https://m.shinsegaev.com/gate/gate.siv?goods_no=2508255262|https://image.shinsegaev.com/upload/C00001/s3/goods/org/404/250822109223404.jpg|new|in stock|49900.0|29900.0|||JAAH|||unisex||||KR::KRW:3000|2508255262|40000||||신세계V 브랜드
2508255263|[JAAH]자아 디퓨져_포레스트 워크 300ml|siecmobile://deeplink/gate/gate.siv?goods_no=2508255263|1081778027|신세계V|siecmobile://deeplink/gate/gate.siv?goods_no=2508255263|com.si.simembers|신세계V|siecmobile://deeplink/gate/gate.siv?goods_no=2508255263|||신세계인터내셔날 프리미엄 라이프스타일 플랫폼, 신세계V!|라이프>홈데코/생활용품|라이프>JAAH|https://m.shinsegaev.com/gate/gate.siv?goods_no=2508255263|https://image.shinsegaev.com/upload/C00001/s3/goods/org/435/250822109228435.jpg|new|in stock|49900.0|29900.0|||JAAH|||unisex||||KR::KRW:3000|2508255263|40000||||신세계V 브랜드
2508255264|[JAAH]자아 디퓨져_모닝뮤즈 300ml|siecmobile://deeplink/gate/gate.siv?goods_no=2508255264|1081778027|신세계V|siecmobile://deeplink/gate/gate.siv?goods_no=2508255264|com.si.simembers|신세계V|siecmobile://deeplink/gate/gate.siv?goods_no=2508255264|||신세계인터내셔날 프리미엄 라이프스타일 플랫폼, 신세계V!|라이프>홈데코/생활용품|라이프>JAAH|https://m.shinsegaev.com/gate/gate.siv?goods_no=2508255264|https://image.shinsegaev.com/upload/C00001/s3/goods/org/153/250822109229153.jpg|new|in stock|49900.0|29900.0|||JAAH|||unisex||||KR::KRW:3000|2508255264|40000||||신세계V 브랜드
2512679212|[JAAH]벨티드 나일론 재킷|siecmobile://deeplink/gate/gate.siv?goods_no=2512679212|1081778027|신세계V|siecmobile://deeplink/gate/gate.siv?goods_no=2512679212|com.si.simembers|신세계V|siecmobile://deeplink/gate/gate.siv?goods_no=2512679212|||신세계인터내셔날 프리미엄 라이프스타일 플랫폼, 신세계V!|여성의류>아우터|여성의류>JAAH|https://m.shinsegaev.com/gate/gate.siv?goods_no=2512679212|https://image.shinsegaev.com/upload/C00001/s3/goods/org/453/251209130245453.jpg|new|in stock|219000.0|219000.0|||JAAH|||unisex||||KR::KRW:3000|2512679212|40000|26 S/S|신상||신세계V 브랜드
2512679213|[JAAH]벨티드 나일론 재킷|siecmobile://deeplink/gate/gate.siv?goods_no=2512679213|1081778027|신세계V|siecmobile://deeplink/gate/gate.siv?goods_no=2512679213|com.si.simembers|신세계V|siecmobile://deeplink/gate/gate.siv?goods_no=2512679213|||신세계인터내셔날 프리미엄 라이프스타일 플랫폼, 신세계V!|여성의류>아우터|여성의류>JAAH|https://m.shinsegaev.com/gate/gate.siv?goods_no=2512679213|https://image.shinsegaev.com/upload/C00001/s3/goods/org/460/251209130245460.jpg|new|in stock|219000.0|219000.0|||JAAH|||unisex||||KR::KRW:3000|2512679213|40000|26 S/S|신상||신세계V 브랜드
2512679214|[JAAH]타프타 포켓 쇼츠|siecmobile://deeplink/gate/gate.siv?goods_no=2512679214|1081778027|신세계V|siecmobile://deeplink/gate/gate.siv?goods_no=2512679214|com.si.simembers|신세계V|siecmobile://deeplink/gate/gate.siv?goods_no=2512679214|||신세계인터내셔날 프리미엄 라이프스타일 플랫폼, 신세계V!|여성의류>팬츠|여성의류>JAAH|https://m.shinsegaev.com/gate/gate.siv?goods_no=2512679214|https://image.shinsegaev.com/upload/C00001/s3/goods/org/467/251209130245467.jpg|new|in stock|139000.0|139000.0|||JAAH|||unisex||||KR::KRW:3000|2512679214|40000|26 S/S|신상||신세계V 브랜드
2512679215|[JAAH]타프타 포켓 쇼츠|siecmobile://deeplink/gate/gate.siv?goods_no=2512679215|1081778027|신세계V|siecmobile://deeplink/gate/gate.siv?goods_no=2512679215|com.si.simembers|신세계V|siecmobile://deeplink/gate/gate.siv?goods_no=2512679215|||신세계인터내셔날 프리미엄 라이프스타일 플랫폼, 신세계V!|여성의류>팬츠|여성의류>JAAH|https://m.shinsegaev.com/gate/gate.siv?goods_no=2512679215|https://image.shinsegaev.com/upload/C00001/s3/goods/org/474/251209130245474.jpg|new|in stock|139000.0|139000.0|||JAAH|||unisex||||KR::KRW:3000|2512679215|40000|26 S/S|신상||신세계V 브랜드
2512679216|[JAAH]타프타 포켓 쇼츠|siecmobile://deeplink/gate/gate.siv?goods_no=2512679216|1081778027|신세계V|siecmobile://deeplink/gate/gate.siv?goods_no=2512679216|com.si.simembers|신세계V|siecmobile://deeplink/gate/gate.siv?goods_no=2512679216|||신세계인터내셔날 프리미엄 라이프스타일 플랫폼, 신세계V!|여성의류>팬츠|여성의류>JAAH|https://m.shinsegaev.com/gate/gate.siv?goods_no=2512679216|https://image.shinsegaev.com/upload/C00001/s3/goods/org/481/251209130245481.jpg|new|in stock|139000.0|139000.0|||JAAH|||unisex||||KR::KRW:3000|2512679216|40000|26 S/S|신상||신세계V 브랜드
2512679217|[JAAH]핀턱 와이드 팬츠|siecmobile://deeplink/gate/gate.siv?goods_no=2512679217|1081778027|신세계V|siecmobile://deeplink/gate/gate.siv?goods_no=2512679217|com.si.simembers|신세계V|siecmobile://deeplink/gate/gate.siv?goods_no=2512679217|||신세계인터내셔날 프리미엄 라이프스타일 플랫폼, 신세계V!|여성의류>팬츠|여성의류>JAAH|https://m.shinsegaev.com/gate/gate.siv?goods_no=2512679217|https://image.shinsegaev.com/upload/C00001/s3/goods/org/488/251209130245488.jpg|new|in stock|179000.0|179000.0|||JAAH|||unisex||||KR::KRW:3000|2512679217|40000|26 S/S|신상||신세계V 브랜드
2512679218|[JAAH][인플루언서Pick] 핀턱 와이드 팬츠|siecmobile://deeplink/gate/gate.siv?goods_no=2512679218|1081778027|신세계V|siecmobile://deeplink/gate/gate.siv?goods_no=2512679218|com.si.simembers|신세계V|siecmobile://deeplink/gate/gate.siv?goods_no=2512679218|||신세계인터내셔날 프리미엄 라이프스타일 플랫폼, 신세계V!|여성의류>팬츠|여성의류>JAAH|https://m.shinsegaev.com/gate/gate.siv?goods_no=2512679218|https://image.shinsegaev.com/upload/C00001/s3/goods/org/501/251209130245501.jpg|new|in stock|179000.0|179000.0|||JAAH|||unisex||||KR::KRW:3000|2512679218|40000|26 S/S|신상||신세계V 브랜드
2512679219|[JAAH]슬릿 스커트|siecmobile://deeplink/gate/gate.siv?goods_no=2512679219|1081778027|신세계V|siecmobile://deeplink/gate/gate.siv?goods_no=2512679219|com.si.simembers|신세계V|siecmobile://deeplink/gate/gate.siv?goods_no=2512679219|||신세계인터내셔날 프리미엄 라이프스타일 플랫폼, 신세계V!|여성의류>스커트|여성의류>JAAH|https://m.shinsegaev.com/gate/gate.siv?goods_no=2512679219|https://image.shinsegaev.com/upload/C00001/s3/goods/org/508/251209130245508.jpg|new|in stock|159000.0|159000.0|||JAAH|||unisex||||KR::KRW:3000|2512679219|40000|26 S/S|신상||신세계V 브랜드
2512679220|[JAAH]슬릿 스커트|siecmobile://deeplink/gate/gate.siv?goods_no=2512679220|1081778027|신세계V|siecmobile://deeplink/gate/gate.siv?goods_no=2512679220|com.si.simembers|신세계V|siecmobile://deeplink/gate/gate.siv?goods_no=2512679220|||신세계인터내셔날 프리미엄 라이프스타일 플랫폼, 신세계V!|여성의류>스커트|여성의류>JAAH|https://m.shinsegaev.com/gate/gate.siv?goods_no=2512679220|https://image.shinsegaev.com/upload/C00001/s3/goods/org/515/251209130245515.jpg|new|in stock|159000.0|159000.0|||JAAH|||unisex||||KR::KRW:3000|2512679220|40000|26 S/S|신상||신세계V 브랜드
